,State,Station_Number,Station_Name,Station_WMO,Latitude,Longitude,ZIP Codes
0,AL,G100010,Maxwell Afb,722265,32.38,-86.35,36112
1,AL,G100030,Mobile Downtown Ap,722235,30.63,-88.07,36605
2,GA,G100050,Fort Benning Lawson,722250,32.35,-85.0,36856
3,AL,G100070,Tuscaloosa Municipal Ap,722286,33.22,-87.62,35401
4,AL,G100090,Birmingham Municipal Ap,722280,33.57,-86.75,35217
5,AL,G100110,Troy Af,722267,31.87,-86.02,
6,AL,G100130,Montgomery Dannelly Field,722260,32.3,-86.4,36043
7,AL,G100150,Anniston Metropolitan Ap,722287,33.58,-85.85,36268
8,AL,G100170,Auburn Opelika Apt,722284,32.62,-85.43,36801
9,AL,G100190,Gadsen Muni  Awos,722285,33.97,-86.08,35904
10,AL,G100210,Maxwell Afb,722265,32.38,-86.35,36112
11,MS,G100230,Meridian Key Field,722340,32.33,-88.75,39307
12,MS,G100250,Meridian Key Field,722340,32.33,-88.75,39307
13,AL,G100270,Anniston Metropolitan Ap,722287,33.58,-85.85,36268
14,AL,G100290,Anniston Metropolitan Ap,722287,33.58,-85.85,36268
15,AL,G100310,Cairns Field Fort Rucker,722269,31.27,-85.72,36322
16,AL,G100330,Muscle Shoals Regional Ap,723235,34.75,-87.6,35661
17,AL,G100350,Montgomery Dannelly Field,722260,32.3,-86.4,36043
18,AL,G100370,Maxwell Afb,722265,32.38,-86.35,36112
19,AL,G100390,Cairns Field Fort Rucker,722269,31.27,-85.72,36322
20,AL,G100410,Troy Af,722267,31.87,-86.02,
21,AL,G100430,Huntsville Intl Jones Field,723230,34.65,-86.78,35824
22,AL,G100450,Cairns Field Fort Rucker,722269,31.27,-85.72,36322
23,AL,G100470,Montgomery Dannelly Field,722260,32.3,-86.4,36043
24,AL,G100490,Gadsen Muni  Awos,722285,33.97,-86.08,35904
25,AL,G100510,Maxwell Afb,722265,32.38,-86.35,36112
26,AL,G100530,Troy Af,722267,31.87,-86.02,
27,AL,G100550,Gadsen Muni  Awos,722285,33.97,-86.08,35904
28,AL,G100570,Tuscaloosa Municipal Ap,722286,33.22,-87.62,35401
29,AL,G100590,Muscle Shoals Regional Ap,723235,34.75,-87.6,35661
30,AL,G100610,Cairns Field Fort Rucker,722269,31.27,-85.72,36322
31,AL,G100630,Tuscaloosa Municipal Ap,722286,33.22,-87.62,35401
32,AL,G100650,Tuscaloosa Municipal Ap,722286,33.22,-87.62,35401
33,AL,G100670,Dothan Municipal Ap,722268,31.23,-85.43,36301
34,AL,G100690,Dothan Municipal Ap,722268,31.23,-85.43,36301
35,AL,G100710,Gadsen Muni  Awos,722285,33.97,-86.08,35904
36,AL,G100730,Birmingham Municipal Ap,722280,33.57,-86.75,35217
37,MS,G100750,Columbus Afb,723306,33.65,-88.45,
38,AL,G100770,Muscle Shoals Regional Ap,723235,34.75,-87.6,35661
39,AL,G100790,Muscle Shoals Regional Ap,723235,34.75,-87.6,35661
40,AL,G100810,Auburn Opelika Apt,722284,32.62,-85.43,36801
41,AL,G100830,Huntsville Intl Jones Field,723230,34.65,-86.78,35824
42,AL,G100850,Montgomery Dannelly Field,722260,32.3,-86.4,36043
43,AL,G100870,Auburn Opelika Apt,722284,32.62,-85.43,36801
44,AL,G100890,Huntsville Intl Jones Field,723230,34.65,-86.78,35824
45,MS,G100910,Meridian Naas,722345,32.55,-88.57,39309
46,AL,G100930,Muscle Shoals Regional Ap,723235,34.75,-87.6,35661
47,AL,G100950,Gadsen Muni  Awos,722285,33.97,-86.08,35904
48,AL,G100970,Mobile Regional Ap,722230,30.68,-88.25,36608
49,AL,G100990,Montgomery Dannelly Field,722260,32.3,-86.4,36043
50,AL,G101010,Maxwell Afb,722265,32.38,-86.35,36112
51,AL,G101030,Huntsville Intl Jones Field,723230,34.65,-86.78,35824
52,AL,G101050,Tuscaloosa Municipal Ap,722286,33.22,-87.62,35401
53,AL,G101070,Tuscaloosa Municipal Ap,722286,33.22,-87.62,35401
54,AL,G101090,Troy Af,722267,31.87,-86.02,
55,AL,G101110,Anniston Metropolitan Ap,722287,33.58,-85.85,36268
56,GA,G101130,Fort Benning Lawson,722250,32.35,-85.0,36856
57,AL,G101150,Birmingham Municipal Ap,722280,33.57,-86.75,35217
58,AL,G101170,Birmingham Municipal Ap,722280,33.57,-86.75,35217
59,MS,G101190,Meridian Naas,722345,32.55,-88.57,39309
60,AL,G101210,Anniston Metropolitan Ap,722287,33.58,-85.85,36268
61,AL,G101230,Auburn Opelika Apt,722284,32.62,-85.43,36801
62,AL,G101250,Tuscaloosa Municipal Ap,722286,33.22,-87.62,35401
63,AL,G101270,Birmingham Municipal Ap,722280,33.57,-86.75,35217
64,AL,G101290,Mobile Regional Ap,722230,30.68,-88.25,36608
65,AL,G101310,Montgomery Dannelly Field,722260,32.3,-86.4,36043
66,AL,G101330,Muscle Shoals Regional Ap,723235,34.75,-87.6,35661
67,AK,G200130,Cold Bay Arpt,703160,55.2,-162.72,99571
68,AK,G201850,Barrow W Post W Rogers Arpt  N,700260,71.32,-156.62,
69,AK,G202610,Valdez Pioneer Fiel,702756,61.13,-146.27,
70,NM,G400010,Gallup Sen Clarke Fld,723627,35.52,-108.78,87301
71,AZ,G400030,Douglas Bisbee Douglas Intl A,722735,31.47,-109.6,
72,AZ,G400050,Flagstaff Pulliam Arpt,723755,35.13,-111.67,86005
73,AZ,G400070,Prescott Love Field,723723,34.65,-112.42,
74,AZ,G400090,Safford  Amos,722747,32.82,-109.68,85548
75,AZ,G400110,Safford  Amos,722747,32.82,-109.68,85548
76,AZ,G400130,Phoenix Sky Harbor Intl Ap,722780,33.45,-111.98,85034
77,AZ,G400150,Kingman  Amos,723700,35.27,-113.95,
78,AZ,G400170,Winslow Municipal Ap,723740,35.03,-110.72,86247
79,AZ,G400190,Tucson International Ap,722740,32.13,-110.95,85706
80,AZ,G400210,Casa Granda  Awos,722748,32.95,-111.77,8512
81,AZ,G400230,Bisbee Douglas Intl AP,722720,31.467,-109.6,
82,AZ,G400250,Prescott Love Field,723723,34.65,-112.42,
83,AZ,G400270,Yuma Intl Arpt,722800,32.67,-114.6,85365
84,AR,G500010,Stuttgart  Awos,723416,34.6,-91.57,
85,LA,G500030,Monroe Regional Ap,722486,32.52,-92.03,71211
86,AR,G500050,Flippin  Awos,723447,36.3,-92.47,72635
87,AR,G500070,Bentonville  Awos,723444,36.35,-94.22,72712
88,AR,G500090,Harrison-Boone County Rgnl AP,723450,36.267,-93.15,72601
89,AR,G500110,Pine Bluff Faa Ap,723417,34.17,-91.93,
90,AR,G500130,El Dorado Goodwin Field,723419,33.22,-92.82,
91,AR,G500150,Harrison Faa Ap,723446,36.27,-93.15,72601
92,MS,G500170,Greenville Municipal,722356,33.48,-90.98,38782
93,AR,G500190,Memorial Fld,723415,34.47,-93.1,71913
94,AR,G500210,Walnut Ridge  Awos,723406,36.13,-90.92,
95,AR,G500230,Batesville  Awos,723448,35.73,-91.65,72501
96,AR,G500250,Pine Bluff Faa Ap,723417,34.17,-91.93,
97,AR,G500270,El Dorado Goodwin Field,723419,33.22,-92.82,
98,AR,G500290,Little Rock Afb,723405,34.92,-92.15,72099
99,AR,G500310,Jonesboro Muni,723407,35.83,-90.65,72401
100,AR,G500330,Fort Smith Regional Ap,723440,35.33,-94.37,72903
101,TN,G500350,Memphis International Ap,723340,35.07,-89.98,38131
102,AR,G500370,Jonesboro Muni,723407,35.83,-90.65,72401
103,AR,G500390,Pine Bluff Faa Ap,723417,34.17,-91.93,
104,MS,G500410,Greenville Municipal,722356,33.48,-90.98,38782
105,AR,G500430,Pine Bluff Faa Ap,723417,34.17,-91.93,
106,AR,G500450,Little Rock Afb,723405,34.92,-92.15,72099
107,AR,G500470,Fort Smith Regional Ap,723440,35.33,-94.37,72903
108,AR,G500490,Flippin  Awos,723447,36.3,-92.47,72635
109,AR,G500510,Memorial Fld,723415,34.47,-93.1,71913
110,AR,G500530,Little Rock Adams Field,723403,34.75,-92.23,72114
111,AR,G500550,Jonesboro Muni,723407,35.83,-90.65,72401
112,AR,G500570,Texarkana Webb Field,723418,33.45,-94.0,71854
113,AR,G500590,Memorial Fld,723415,34.47,-93.1,71913
114,AR,G500610,Texarkana Webb Field,723418,33.45,-94.0,71854
115,AR,G500630,Batesville  Awos,723448,35.73,-91.65,72501
116,AR,G500650,Batesville  Awos,723448,35.73,-91.65,72501
117,AR,G500670,Batesville  Awos,723448,35.73,-91.65,72501
118,AR,G500690,Pine Bluff Faa Ap,723417,34.17,-91.93,
119,AR,G500710,Fort Smith Regional Ap,723440,35.33,-94.37,72903
120,AR,G500730,Texarkana Webb Field,723418,33.45,-94.0,71854
121,AR,G500750,Walnut Ridge  Awos,723406,36.13,-90.92,
122,AR,G500770,Stuttgart  Awos,723416,34.6,-91.57,
123,AR,G500790,Pine Bluff Faa Ap,723417,34.17,-91.93,
124,AR,G500810,Texarkana Webb Field,723418,33.45,-94.0,71854
125,AR,G500830,Fort Smith Regional Ap,723440,35.33,-94.37,72903
126,AR,G500850,Little Rock Afb,723405,34.92,-92.15,72099
127,AR,G500870,Springdale Muni,723434,36.18,-94.12,72764
128,AR,G500890,Flippin  Awos,723447,36.3,-92.47,72635
129,AR,G500910,Texarkana Webb Field,723418,33.45,-94.0,71854
130,TN,G500930,Dyersburg Municipal Ap,723347,36.02,-89.4,38024
131,AR,G500950,Stuttgart  Awos,723416,34.6,-91.57,
132,AR,G500970,Memorial Fld,723415,34.47,-93.1,71913
133,AR,G500990,Texarkana Webb Field,723418,33.45,-94.0,71854
134,AR,G501010,Harrison-Boone County Rgnl AP,723450,36.267,-93.15,72601
135,AR,G501030,El Dorado Goodwin Field,723419,33.22,-92.82,
136,AR,G501050,Little Rock Adams Field,723403,34.75,-92.23,72114
137,AR,G501070,Stuttgart  Awos,723416,34.6,-91.57,
138,AR,G501090,Memorial Fld,723415,34.47,-93.1,71913
139,AR,G501110,Jonesboro Muni,723407,35.83,-90.65,72401
140,AR,G501130,Fort Smith Regional Ap,723440,35.33,-94.37,72903
141,AR,G501150,Memorial Fld,723415,34.47,-93.1,71913
142,AR,G501170,Stuttgart  Awos,723416,34.6,-91.57,
143,AR,G501190,Little Rock Adams Field,723403,34.75,-92.23,72114
144,AR,G501210,Walnut Ridge  Awos,723406,36.13,-90.92,
145,TN,G501230,Memphis International Ap,723340,35.07,-89.98,38131
146,AR,G501250,Little Rock Adams Field,723403,34.75,-92.23,72114
147,AR,G501270,Fort Smith Regional Ap,723440,35.33,-94.37,72903
148,AR,G501290,Batesville  Awos,723448,35.73,-91.65,72501
149,AR,G501310,Fort Smith Regional Ap,723440,35.33,-94.37,72903
150,AR,G501330,Texarkana Webb Field,723418,33.45,-94.0,71854
151,AR,G501350,Batesville  Awos,723448,35.73,-91.65,72501
152,AR,G501370,Batesville  Awos,723448,35.73,-91.65,72501
153,AR,G501390,El Dorado Goodwin Field,723419,33.22,-92.82,
154,AR,G501410,Little Rock Afb,723405,34.92,-92.15,72099
155,AR,G501430,Fayetteville Drake Field,723445,36.0,-94.17,72703
156,AR,G501450,Batesville  Awos,723448,35.73,-91.65,72501
157,AR,G501470,Batesville  Awos,723448,35.73,-91.65,72501
158,AR,G501490,Memorial Fld,723415,34.47,-93.1,71913
159,CA,G600010,Hayward Air Term,724935,37.67,-122.12,94541
160,CA,G600030,South Lake Tahoe,725847,38.9,-120.0,96150
161,CA,G600050,South Lake Tahoe,725847,38.9,-120.0,96150
162,CA,G600070,Yuba Co,724838,39.1,-121.57,95961
163,CA,G600090,South Lake Tahoe,725847,38.9,-120.0,96150
164,CA,G600110,Yuba Co,724838,39.1,-121.57,95961
165,CA,G600130,Concord Concord Buchanan Fiel,724936,38.0,-122.05,94520
166,CA,G600150,Crescent City Faa Ai,725946,41.78,-124.23,
167,CA,G600170,South Lake Tahoe,725847,38.9,-120.0,96150
168,CA,G600190,Fresno Yosemite Intl Ap,723890,36.78,-119.72,93727
169,CA,G600210,Red Bluff Municipal Arpt,725910,40.15,-122.25,96080
170,CA,G600230,Arcata Airport,725945,40.98,-124.1,95519
171,CA,G600250,Imperial,747185,32.83,-115.58,92251
172,CA,G600270,Bishop Airport,724800,37.37,-118.35,93515
173,CA,G600290,Bakersfield Meadows Field,723840,35.43,-119.05,93302
174,CA,G600310,Lemoore Reeves Nas,747020,36.33,-119.95,
175,CA,G600330,Santa Rosa  Awos,724957,38.52,-122.82,95492
176,CA,G600350,Alturas,725958,41.5,-120.53,
177,CA,G600370,Jack Northrop Fld H,722956,33.92,-118.33,90250
178,CA,G600390,Fresno Yosemite Intl Ap,723890,36.78,-119.72,93727
179,CA,G600410,Napa Co  Airport,724955,38.22,-122.28,94503
180,CA,G600430,Merced Macready Fld,724815,37.28,-120.52,95341
181,CA,G600450,Ukiah Municipal Ap,725905,39.13,-123.2,95482
182,CA,G600470,Merced Macready Fld,724815,37.28,-120.52,95341
183,CA,G600490,Alturas,725958,41.5,-120.53,
184,CA,G600510,Bishop Airport,724800,37.37,-118.35,93515
185,CA,G600530,Salinas Muni AP,725930,36.667,-121.6,93905
186,CA,G600550,Napa Co  Airport,724955,38.22,-122.28,94503
187,CA,G600570,Truckee Tahoe,725846,39.32,-120.13,
188,CA,G600590,Santa Ana John Wayne Ap,722977,33.68,-117.87,92626
189,CA,G600610,Beale Afb,724837,39.13,-121.43,95903
190,CA,G600630,Truckee Tahoe,725846,39.32,-120.13,
191,CA,G600650,March Afb,722860,33.9,-117.25,92518
192,CA,G600670,Sacramento Executive Arpt,724830,38.5,-121.5,95822
193,CA,G600690,Salinas Municipal Ap,724917,36.67,-121.6,93905
194,CA,G600710,Riverside Muni,722869,33.95,-117.45,92504
195,CA,G600730,San Diego Miramar Nas,722930,32.87,-117.13,92137
196,CA,G600750,San Francisco Intl Ap,724940,37.62,-122.4,94066
197,CA,G600770,Stockton Metropolitan Arpt,724920,37.9,-121.23,95213
198,CA,G600790,San Luis Co Rgnl,722897,35.23,-120.63,93401
199,CA,G600810,San Francisco Intl Ap,724940,37.62,-122.4,94066
200,CA,G600830,Santa Barbara Municipal Ap,723925,34.43,-119.85,93117
201,CA,G600850,San Jose Intl Ap,724945,37.37,-121.93,95110
202,CA,G600870,San Jose Intl Ap,724945,37.37,-121.93,95110
203,CA,G600890,Redding Municipal Arpt,725920,40.52,-122.32,
204,CA,G600910,Truckee Tahoe,725846,39.32,-120.13,
205,CA,G600930,Montague Siskiyou County Ap,725955,41.78,-122.47,
206,CA,G600950,Travis Field Afb,745160,38.27,-121.93,94535
207,CA,G600970,Santa Rosa  Awos,724957,38.52,-122.82,95492
208,CA,G600990,Modesto City County Ap,724926,37.63,-120.95,95354
209,CA,G601010,Yuba Co,724838,39.1,-121.57,95961
210,CA,G601030,Red Bluff Municipal Arpt,725910,40.15,-122.25,96080
211,CA,G601050,Redding Municipal Arpt,725920,40.52,-122.32,
212,CA,G601070,Visalia Muni  Awos,723896,36.32,-119.4,93227
213,CA,G601090,South Lake Tahoe,725847,38.9,-120.0,96150
214,CA,G601110,Camarillo  Awos,723926,34.22,-119.08,93010
215,CA,G601130,Sacramento Metropolitan Ap,724839,38.7,-121.58,95837
216,CA,G601150,Yuba Co,724838,39.1,-121.57,95961
217,CO,G800010,Aurora Buckley Field Angb,724695,39.72,-104.75,80018
218,CO,G800030,Alamosa San Luis Valley Rgnl,724620,37.43,-105.87,81101
219,CO,G800050,Aurora Buckley Field Angb,724695,39.72,-104.75,80018
220,CO,G800070,Alamosa San Luis Valley Rgnl,724620,37.43,-105.87,81101
221,NM,G800090,Clayton Municipal Airpark,723600,36.45,-103.15,
222,CO,G800110,La Junta Municipal Ap,724635,38.05,-103.53,81030
223,CO,G800130,Broomfield Jeffco  Boulder   S,724699,40.13,-105.24,80544
224,CO,G800150,Alamosa San Luis Valley Rgnl,724620,37.43,-105.87,81101
225,CO,G800170,Lamar Municipal,724636,38.07,-102.68,
226,CO,G800190,Leadville Lake Co,724673,39.22,-106.32,80461
227,CO,G800210,Alamosa San Luis Valley Rgnl,724620,37.43,-105.87,81101
228,NM,G800230,Taos Muni Apt Awos,723663,36.45,-105.67,87529
229,CO,G800250,La Junta Municipal Ap,724635,38.05,-103.53,81030
230,CO,G800270,Pueblo Memorial Ap,724640,38.28,-104.5,81006
231,CO,G800290,Montrose Co  Arpt,724765,38.5,-107.9,81401
232,CO,G800310,Aurora Buckley Field Angb,724695,39.72,-104.75,80018
233,CO,G800330,Cortez Montezuma Co,724767,37.3,-108.63,
234,CO,G800350,Aurora Buckley Field Angb,724695,39.72,-104.75,80018
235,CO,G800370,Eagle County Ap,724675,39.65,-106.92,81637
236,CO,G800390,Aurora Buckley Field Angb,724695,39.72,-104.75,80018
237,CO,G800410,Colorado Springs Muni Ap,724660,38.82,-104.72,80916
238,CO,G800430,Colorado Springs Muni Ap,724660,38.82,-104.72,80916
239,CO,G800450,Rifle Garfield Rgnl,725717,39.53,-107.72,81650
240,CO,G800470,Leadville Lake Co,724673,39.22,-106.32,80461
241,CO,G800490,Leadville Lake Co,724673,39.22,-106.32,80461
242,CO,G800510,Gunnison Co   Awos,724677,38.53,-106.93,
243,CO,G800530,Alamosa San Luis Valley Rgnl,724620,37.43,-105.87,81101
244,CO,G800550,Pueblo Memorial Ap,724640,38.28,-104.5,81006
245,CO,G800570,Hayden Yampa  Awos,725715,40.48,-107.22,81639
246,CO,G800590,Denver Centennial  Golden   Nr,724666,39.74,-105.18,80401
247,CO,G800610,Lamar Municipal,724636,38.07,-102.68,
248,CO,G800630,Akron Washington Co Ap,724698,40.17,-103.23,80720
249,CO,G800650,Leadville Lake Co,724673,39.22,-106.32,80461
250,CO,G800670,Durango La Plata Co,724625,37.15,-107.75,
251,CO,G800690,Fort Collins  Awos,724769,40.45,-105.02,80538
252,CO,G800710,Trinidad Las Animas County Ap,724645,37.27,-104.33,81046
253,CO,G800730,Limon,724665,39.18,-103.72,
254,CO,G800750,Akron Washington Co Ap,724698,40.17,-103.23,80720
255,CO,G800770,Grand Junction Walker Field,724760,39.13,-108.53,81506
256,CO,G800790,Gunnison Co   Awos,724677,38.53,-106.93,
257,CO,G800810,Craig Moffat,725700,40.5,-107.53,81625
258,CO,G800830,Cortez Montezuma Co,724767,37.3,-108.63,
259,CO,G800850,Montrose Co  Arpt,724765,38.5,-107.9,81401
260,CO,G800870,Akron Washington Co Ap,724698,40.17,-103.23,80720
261,CO,G800890,La Junta Municipal Ap,724635,38.05,-103.53,81030
262,CO,G800910,Eagle County Ap,724675,39.65,-106.92,81637
263,CO,G800930,Leadville Lake Co,724673,39.22,-106.32,80461
264,CO,G800950,Akron Washington Co Ap,724698,40.17,-103.23,80720
265,CO,G800970,Aspen Pitkin Co Sar,724676,39.22,-106.87,81611
266,CO,G800990,Lamar Municipal,724636,38.07,-102.68,
267,CO,G801010,Pueblo Memorial Ap,724640,38.28,-104.5,81006
268,CO,G801030,Craig Moffat,725700,40.5,-107.53,81625
269,CO,G801050,Alamosa San Luis Valley Rgnl,724620,37.43,-105.87,81101
270,CO,G801070,Hayden Yampa  Awos,725715,40.48,-107.22,81639
271,CO,G801090,Alamosa San Luis Valley Rgnl,724620,37.43,-105.87,81101
272,CO,G801110,Alamosa San Luis Valley Rgnl,724620,37.43,-105.87,81101
273,CO,G801130,Montrose Co  Arpt,724765,38.5,-107.9,81401
274,CO,G801150,Akron Washington Co Ap,724698,40.17,-103.23,80720
275,CO,G801170,Leadville Lake Co,724673,39.22,-106.32,80461
276,CO,G801190,Colorado Springs Muni Ap,724660,38.82,-104.72,80916
277,CO,G801210,Akron Washington Co Ap,724698,40.17,-103.23,80720
278,CO,G801230,Greeley Weld  Awos,724768,40.43,-104.63,
279,CO,G801250,Akron Washington Co Ap,724698,40.17,-103.23,80720
280,CT,G900010,Danbury Municipal,725086,41.37,-73.48,06813
281,CT,G900030,Hartford Brainard Fd,725087,41.73,-72.65,06109
282,CT,G900050,Oxford  Awos,725029,41.48,-73.13,
283,CT,G900070,Hartford Brainard Fd,725087,41.73,-72.65,06109
284,CT,G900090,New Haven Tweed Airport,725045,41.27,-72.88,06512
285,CT,G900110,Groton New London Ap,725046,41.33,-72.05,06340
286,CT,G900130,Hartford Brainard Fd,725087,41.73,-72.65,06109
287,MA,G900150,Worcester Rgnl AP,725100,42.267,-71.883,1602
288,DE,G1000010,Dover Afb,724088,39.13,-75.47,19961
289,DE,G1000030,Wilmington New Castle Cnty Ap,724089,39.67,-75.6,19720
290,MD,G1000050,Salisbury-Ocean City-Wicomico Rgnl AP,723980,38.333,-75.517,21804
291,VA,G1100010,Washington Dc Reagan Ap,724050,38.87,-77.03,20242
292,FL,G1200010,Gainesville Rgnl AP,747560,29.7,-82.283,32609
293,FL,G1200030,Jacksonville Nas,722065,30.23,-81.67,32212
294,FL,G1200050,Panama City Bay Co,722245,30.2,-85.68,32405
295,FL,G1200070,Gainesville Regional Ap,722146,29.7,-82.28,32609
296,FL,G1200090,Melbourne Regional Ap,722040,28.12,-80.65,32935
297,FL,G1200110,Fort Lauderdale,722039,26.2,-80.17,33309
298,FL,G1200130,Tyndall Afb,747750,30.07,-85.58,32403
299,FL,G1200150,Fort Myers Page Field,722106,26.58,-81.87,33907
300,FL,G1200170,Ocala Muni  Awos,722055,29.17,-82.22,34474
301,FL,G1200190,Jacksonville Nas,722065,30.23,-81.67,32212
302,FL,G1200210,Naples Municipal,722038,26.15,-81.77,34104
303,FL,G1200230,Gainesville Rgnl AP,747560,29.7,-82.283,32609
304,FL,G1200270,Fort Myers Page Field,722106,26.58,-81.87,33907
305,FL,G1200290,Gainesville Rgnl AP,747560,29.7,-82.283,32609
306,FL,G1200310,Jacksonville Nas,722065,30.23,-81.67,32212
307,FL,G1200330,Pensacola Regional Ap,722223,30.48,-87.18,32504
308,FL,G1200350,Daytona Beach Intl AP,747870,29.183,-81.067,32114
309,FL,G1200370,Tallahassee Regional Ap  Isis,722140,30.38,-84.37,32310
310,FL,G1200390,Tallahassee Regional Ap  Isis,722140,30.38,-84.37,32310
311,FL,G1200410,Gainesville Rgnl AP,747560,29.7,-82.283,32609
312,FL,G1200430,Southwest Florida I,722108,26.53,-81.75,33913
313,FL,G1200450,Tyndall Afb,747750,30.07,-85.58,32403
314,GA,G1200470,Valdosta Wb Airport,722166,30.78,-83.28,31601
315,FL,G1200490,Lakeland Linder Rgn,722119,27.98,-82.02,33811
316,FL,G1200510,Southwest Florida I,722108,26.53,-81.75,33913
317,FL,G1200530,Tampa International Ap,722110,27.97,-82.53,33607
318,FL,G1200550,Lakeland Linder Rgn,722119,27.98,-82.02,33811
319,FL,G1200570,Tampa International Ap,722110,27.97,-82.53,33607
320,FL,G1200590,Panama City Bay Co,722245,30.2,-85.68,32405
321,FL,G1200610,Vero Beach Municipal Arpt,722045,27.65,-80.42,32960
322,FL,G1200630,Panama City Bay Co,722245,30.2,-85.68,32405
323,FL,G1200650,Tallahassee Regional Ap  Isis,722140,30.38,-84.37,32310
324,GA,G1200670,Valdosta Wb Airport,722166,30.78,-83.28,31601
325,FL,G1200690,Orlando Executive Ap,722053,28.55,-81.33,32807
326,FL,G1200710,Fort Myers Page Field,722106,26.58,-81.87,33907
327,FL,G1200730,Tallahassee Regional Ap  Isis,722140,30.38,-84.37,32310
328,FL,G1200750,Ocala Muni  Awos,722055,29.17,-82.22,34474
329,FL,G1200770,Tallahassee Regional Ap  Isis,722140,30.38,-84.37,32310
330,GA,G1200790,Valdosta Wb Airport,722166,30.78,-83.28,31601
331,FL,G1200810,Sarasota Bradenton,722115,27.38,-82.55,34234
332,FL,G1200830,Ocala Muni  Awos,722055,29.17,-82.22,34474
333,FL,G1200850,St Lucie Co Intl,722103,27.48,-80.37,34946
334,FL,G1200870,Marathon Airport,722016,24.73,-81.05,33050
335,FL,G1200890,Jacksonville Intl Arpt,722060,30.5,-81.7,
336,FL,G1200910,Valparaiso Elgin Afb,722210,30.48,-86.52,32580
337,FL,G1200930,St Lucie Co Intl,722103,27.48,-80.37,34946
338,FL,G1200950,Orlando Executive Ap,722053,28.55,-81.33,32807
339,FL,G1200970,Orlando Intl Arpt,722050,28.43,-81.33,32862
340,FL,G1200990,West Palm Beach Intl Arpt,722030,26.68,-80.1,33406
341,FL,G1201010,Tampa International Ap,722110,27.97,-82.53,33607
342,FL,G1201030,St Petersburg Clear,722116,27.9,-82.68,33762
343,FL,G1201050,Lakeland Linder Rgn,722119,27.98,-82.02,33811
344,FL,G1201070,Gainesville Regional Ap,722146,29.7,-82.28,32609
345,FL,G1201090,Jacksonville Nas,722065,30.23,-81.67,32212
346,FL,G1201110,St Lucie Co Intl,722103,27.48,-80.37,34946
347,FL,G1201130,Pensacola Regional Ap,722223,30.48,-87.18,32504
348,FL,G1201150,Sarasota Bradenton,722115,27.38,-82.55,34234
349,FL,G1201170,Orlando Sanford Airport,722057,28.78,-81.25,32773
350,FL,G1201190,Ocala Muni  Awos,722055,29.17,-82.22,34474
351,GA,G1201210,Valdosta Wb Airport,722166,30.78,-83.28,31601
352,GA,G1201230,Valdosta Wb Airport,722166,30.78,-83.28,31601
353,FL,G1201250,Gainesville Rgnl AP,747560,29.7,-82.283,32609
354,FL,G1201270,Daytona Beach Intl Ap,722056,29.18,-81.07,32114
355,FL,G1201290,Tallahassee Regional Ap  Isis,722140,30.38,-84.37,32310
356,FL,G1201310,Valparaiso Elgin Afb,722210,30.48,-86.52,32580
357,FL,G1201330,Panama City Bay Co,722245,30.2,-85.68,32405
358,GA,G1300010,Alma-Bacon County AP,723160,31.533,-82.5,31510
359,GA,G1300030,Albany Dougherty County Ap,722160,31.53,-84.18,31707
360,GA,G1300050,Alma-Bacon County AP,723160,31.533,-82.5,31510
361,GA,G1300070,Albany Dougherty County Ap,722160,31.53,-84.18,31707
362,GA,G1300090,Macon Middle Ga Regional Ap,722170,32.68,-83.65,31297
363,GA,G1300110,Athens Ben Epps Ap,723110,33.95,-83.33,30605
364,GA,G1300130,Athens Ben Epps Ap,723110,33.95,-83.33,30605
365,GA,G1300150,Marietta Dobbins Afb,722270,33.92,-84.52,30069
366,GA,G1300170,Albany Dougherty County Ap,722160,31.53,-84.18,31707
367,GA,G1300190,Moody Afb Valdosta,747810,30.97,-83.2,31699
368,GA,G1300210,Macon Middle Ga Regional Ap,722170,32.68,-83.65,31297
369,GA,G1300230,Warner Robins Afb,722175,32.63,-83.6,31098
370,GA,G1300250,Brunswick Golden Is,722136,31.25,-81.47,31524
371,GA,G1300270,Valdosta Wb Airport,722166,30.78,-83.28,31601
372,GA,G1300290,Savannah Intl Ap,722070,32.12,-81.2,31418
373,GA,G1300310,Augusta Bush Field,722180,33.37,-81.97,
374,GA,G1300330,Augusta Bush Field,722180,33.37,-81.97,
375,GA,G1300350,Atlanta Hartsfield Intl Ap,722190,33.63,-84.43,30321
376,GA,G1300370,Albany Dougherty County Ap,722160,31.53,-84.18,31707
377,FL,G1300390,Jacksonville Intl Arpt,722060,30.5,-81.7,
378,GA,G1300430,Savannah Intl Ap,722070,32.12,-81.2,31418
379,GA,G1300450,Fulton Co Arpt Brow,722195,33.77,-84.52,30318
380,TN,G1300470,Chattanooga Lovell Field Ap,723240,35.03,-85.2,37421
381,FL,G1300490,Jacksonville Intl Arpt,722060,30.5,-81.7,
382,GA,G1300510,Hunter Aaf,747804,32.0,-81.15,31409
383,GA,G1300530,Fort Benning Lawson,722250,32.35,-85.0,36856
384,GA,G1300550,Rome R B Russell Ap,723200,34.35,-85.17,30165
385,GA,G1300570,Marietta Dobbins Afb,722270,33.92,-84.52,30069
386,GA,G1300590,Athens Ben Epps Ap,723110,33.95,-83.33,30605
387,AL,G1300610,Dothan Municipal Ap,722268,31.23,-85.43,36301
388,GA,G1300630,Atlanta Hartsfield Intl Ap,722190,33.63,-84.43,30321
389,GA,G1300650,Moody Afb Valdosta,747810,30.97,-83.2,31699
390,GA,G1300670,Marietta Dobbins Afb,722270,33.92,-84.52,30069
391,GA,G1300690,Albany Dougherty County Ap,722160,31.53,-84.18,31707
392,GA,G1300710,Moody Afb Valdosta,747810,30.97,-83.2,31699
393,GA,G1300730,Augusta Bush Field,722180,33.37,-81.97,
394,GA,G1300750,Moody Afb Valdosta,747810,30.97,-83.2,31699
395,GA,G1300770,Atlanta Hartsfield Intl Ap,722190,33.63,-84.43,30321
396,GA,G1300790,Macon Middle Ga Regional Ap,722170,32.68,-83.65,31297
397,GA,G1300810,Albany Dougherty County Ap,722160,31.53,-84.18,31707
398,TN,G1300830,Chattanooga Lovell Field Ap,723240,35.03,-85.2,37421
399,GA,G1300850,Rome R B Russell Ap,723200,34.35,-85.17,30165
400,FL,G1300870,Tallahassee Regional Ap  Isis,722140,30.38,-84.37,32310
401,GA,G1300890,Dekalb Peachtree,722196,33.87,-84.3,30345
402,GA,G1300910,Warner Robins Afb,722175,32.63,-83.6,31098
403,GA,G1300930,Warner Robins Afb,722175,32.63,-83.6,31098
404,GA,G1300950,Albany Dougherty County Ap,722160,31.53,-84.18,31707
405,GA,G1300970,Fulton Co Arpt Brow,722195,33.77,-84.52,30318
406,AL,G1300990,Dothan Municipal Ap,722268,31.23,-85.43,36301
407,GA,G1301010,Valdosta Wb Airport,722166,30.78,-83.28,31601
408,GA,G1301030,Savannah Intl Ap,722070,32.12,-81.2,31418
409,SC,G1301050,Anderson County Ap,723125,34.5,-82.72,29626
410,GA,G1301070,Augusta Bush Field,722180,33.37,-81.97,
411,GA,G1301090,Savannah Intl Ap,722070,32.12,-81.2,31418
412,TN,G1301110,Chattanooga Lovell Field Ap,723240,35.03,-85.2,37421
413,GA,G1301130,Atlanta Hartsfield Intl Ap,722190,33.63,-84.43,30321
414,GA,G1301150,Rome R B Russell Ap,723200,34.35,-85.17,30165
415,GA,G1301170,Dekalb Peachtree,722196,33.87,-84.3,30345
416,NC,G1301190,Asheville Regional Arpt,723150,35.43,-82.53,28704
417,GA,G1301210,Dekalb Peachtree,722196,33.87,-84.3,30345
418,GA,G1301230,Rome R B Russell Ap,723200,34.35,-85.17,30165
419,GA,G1301250,Augusta Bush Field,722180,33.37,-81.97,
420,GA,G1301270,Brunswick Golden Is,722136,31.25,-81.47,31524
421,GA,G1301290,Rome R B Russell Ap,723200,34.35,-85.17,30165
422,FL,G1301310,Tallahassee Regional Ap  Isis,722140,30.38,-84.37,32310
423,GA,G1301330,Athens Ben Epps Ap,723110,33.95,-83.33,30605
424,GA,G1301350,Dekalb Peachtree,722196,33.87,-84.3,30345
425,TN,G1301370,Knoxville Mcghee Tyson Ap,723260,35.82,-83.98,37701
426,GA,G1301390,Rome R B Russell Ap,723200,34.35,-85.17,30165
427,GA,G1301410,Athens Ben Epps Ap,723110,33.95,-83.33,30605
428,GA,G1301430,Fulton Co Arpt Brow,722195,33.77,-84.52,30318
429,GA,G1301450,Columbus Metropolitan Arpt,722255,32.52,-84.95,31904
430,SC,G1301470,Anderson County Ap,723125,34.5,-82.72,29626
431,GA,G1301490,Fulton Co Arpt Brow,722195,33.77,-84.52,30318
432,GA,G1301510,Atlanta Hartsfield Intl Ap,722190,33.63,-84.43,30321
433,GA,G1301530,Warner Robins Afb,722175,32.63,-83.6,31098
434,GA,G1301550,Albany Dougherty County Ap,722160,31.53,-84.18,31707
435,GA,G1301570,Athens Ben Epps Ap,723110,33.95,-83.33,30605
436,GA,G1301590,Macon Middle Ga Regional Ap,722170,32.68,-83.65,31297
437,GA,G1301610,Alma-Bacon County AP,723160,31.533,-82.5,31510
438,GA,G1301630,Augusta Bush Field,722180,33.37,-81.97,
439,GA,G1301650,Augusta Bush Field,722180,33.37,-81.97,
440,GA,G1301670,Warner Robins Afb,722175,32.63,-83.6,31098
441,GA,G1301690,Macon Middle Ga Regional Ap,722170,32.68,-83.65,31297
442,GA,G1301710,Atlanta Hartsfield Intl Ap,722190,33.63,-84.43,30321
443,GA,G1301730,Moody Afb Valdosta,747810,30.97,-83.2,31699
444,GA,G1301750,Warner Robins Afb,722175,32.63,-83.6,31098
445,GA,G1301770,Albany Dougherty County Ap,722160,31.53,-84.18,31707
446,GA,G1301790,Hunter Aaf,747804,32.0,-81.15,31409
447,GA,G1301810,Augusta Bush Field,722180,33.37,-81.97,
448,GA,G1301830,Brunswick Golden Is,722136,31.25,-81.47,31524
449,GA,G1301850,Valdosta Wb Airport,722166,30.78,-83.28,31601
450,GA,G1301870,Rome R B Russell Ap,723200,34.35,-85.17,30165
451,GA,G1301890,Augusta Bush Field,722180,33.37,-81.97,
452,GA,G1301910,Brunswick Golden Is,722136,31.25,-81.47,31524
453,GA,G1301930,Macon Middle Ga Regional Ap,722170,32.68,-83.65,31297
454,GA,G1301950,Athens Ben Epps Ap,723110,33.95,-83.33,30605
455,GA,G1301970,Columbus Metropolitan Arpt,722255,32.52,-84.95,31904
456,GA,G1301990,Columbus Metropolitan Arpt,722255,32.52,-84.95,31904
457,FL,G1302010,Tallahassee Regional Ap  Isis,722140,30.38,-84.37,32310
458,GA,G1302050,Albany Dougherty County Ap,722160,31.53,-84.18,31707
459,GA,G1302070,Macon Middle Ga Regional Ap,722170,32.68,-83.65,31297
460,GA,G1302090,Alma-Bacon County AP,723160,31.533,-82.5,31510
461,GA,G1302110,Athens Ben Epps Ap,723110,33.95,-83.33,30605
462,TN,G1302130,Chattanooga Lovell Field Ap,723240,35.03,-85.2,37421
463,GA,G1302150,Columbus Metropolitan Arpt,722255,32.52,-84.95,31904
464,GA,G1302170,Dekalb Peachtree,722196,33.87,-84.3,30345
465,GA,G1302190,Athens Ben Epps Ap,723110,33.95,-83.33,30605
466,GA,G1302210,Athens Ben Epps Ap,723110,33.95,-83.33,30605
467,GA,G1302230,Marietta Dobbins Afb,722270,33.92,-84.52,30069
468,GA,G1302250,Macon Middle Ga Regional Ap,722170,32.68,-83.65,31297
469,GA,G1302270,Marietta Dobbins Afb,722270,33.92,-84.52,30069
470,GA,G1302290,Alma Bacon County Ap,722135,31.53,-82.5,31510
471,GA,G1302310,Atlanta Hartsfield Intl Ap,722190,33.63,-84.43,30321
472,GA,G1302330,Marietta Dobbins Afb,722270,33.92,-84.52,30069
473,GA,G1302350,Warner Robins Afb,722175,32.63,-83.6,31098
474,GA,G1302370,Athens Ben Epps Ap,723110,33.95,-83.33,30605
475,GA,G1302390,Fort Benning Lawson,722250,32.35,-85.0,36856
476,NC,G1302410,Asheville Regional Arpt,723150,35.43,-82.53,28704
477,GA,G1302430,Albany Dougherty County Ap,722160,31.53,-84.18,31707
478,GA,G1302450,Augusta Bush Field,722180,33.37,-81.97,
479,GA,G1302470,Dekalb Peachtree,722196,33.87,-84.3,30345
480,GA,G1302490,Columbus Metropolitan Arpt,722255,32.52,-84.95,31904
481,GA,G1302510,Augusta Bush Field,722180,33.37,-81.97,
482,FL,G1302530,Tallahassee Regional Ap  Isis,722140,30.38,-84.37,32310
483,GA,G1302550,Atlanta Hartsfield Intl Ap,722190,33.63,-84.43,30321
484,NC,G1302570,Asheville Regional Arpt,723150,35.43,-82.53,28704
485,GA,G1302590,Fort Benning Lawson,722250,32.35,-85.0,36856
486,GA,G1302610,Albany Dougherty County Ap,722160,31.53,-84.18,31707
487,GA,G1302630,Columbus Metropolitan Arpt,722255,32.52,-84.95,31904
488,GA,G1302650,Athens Ben Epps Ap,723110,33.95,-83.33,30605
489,GA,G1302670,Alma-Bacon County AP,723160,31.533,-82.5,31510
490,GA,G1302690,Macon Middle Ga Regional Ap,722170,32.68,-83.65,31297
491,GA,G1302710,Alma-Bacon County AP,723160,31.533,-82.5,31510
492,GA,G1302730,Albany Dougherty County Ap,722160,31.53,-84.18,31707
493,FL,G1302750,Tallahassee Regional Ap  Isis,722140,30.38,-84.37,32310
494,GA,G1302770,Albany Dougherty County Ap,722160,31.53,-84.18,31707
495,GA,G1302790,Alma-Bacon County AP,723160,31.533,-82.5,31510
496,TN,G1302810,Knoxville Mcghee Tyson Ap,723260,35.82,-83.98,37701
497,GA,G1302830,Alma-Bacon County AP,723160,31.533,-82.5,31510
498,GA,G1302850,Columbus Metropolitan Arpt,722255,32.52,-84.95,31904
499,GA,G1302870,Albany Dougherty County Ap,722160,31.53,-84.18,31707
500,GA,G1302890,Warner Robins Afb,722175,32.63,-83.6,31098
501,TN,G1302910,Knoxville Mcghee Tyson Ap,723260,35.82,-83.98,37701
502,GA,G1302930,Macon Middle Ga Regional Ap,722170,32.68,-83.65,31297
503,TN,G1302950,Chattanooga Lovell Field Ap,723240,35.03,-85.2,37421
504,GA,G1302970,Athens Ben Epps Ap,723110,33.95,-83.33,30605
505,GA,G1302990,Alma Bacon County Ap,722135,31.53,-82.5,31510
506,GA,G1303010,Augusta Bush Field,722180,33.37,-81.97,
507,GA,G1303030,Warner Robins Afb,722175,32.63,-83.6,31098
508,GA,G1303050,Brunswick Golden Is,722136,31.25,-81.47,31524
509,GA,G1303070,Fort Benning Lawson,722250,32.35,-85.0,36856
510,GA,G1303090,Alma-Bacon County AP,723160,31.533,-82.5,31510
511,TN,G1303110,Knoxville Mcghee Tyson Ap,723260,35.82,-83.98,37701
512,TN,G1303130,Chattanooga Lovell Field Ap,723240,35.03,-85.2,37421
513,GA,G1303150,Warner Robins Afb,722175,32.63,-83.6,31098
514,GA,G1303170,Athens Ben Epps Ap,723110,33.95,-83.33,30605
515,GA,G1303190,Warner Robins Afb,722175,32.63,-83.6,31098
516,GA,G1303210,Albany Dougherty County Ap,722160,31.53,-84.18,31707
517,HI,G1500010,Hilo International Ap,912850,19.72,-155.05,96720
518,HI,G1500030,Honolulu Intl Arpt,911820,21.32,-157.93,96853
519,HI,G1500070,Lihue Airport,911650,21.98,-159.33,96766
520,HI,G1500090,Kahului Airport,911900,20.9,-156.43,96732
521,ID,G1600010,Boise Air Terminal  Uo,726810,43.62,-116.21,83702
522,ID,G1600030,Boise Air Terminal  Uo,726810,43.62,-116.21,83702
523,ID,G1600050,Pocatello Regional Ap,725780,42.92,-112.57,
524,ID,G1600070,Soda Springs Tigert,725868,42.65,-111.58,83276
525,ID,G1600090,Coeur D Alene Awos,727834,47.77,-116.82,83835
526,ID,G1600110,Pocatello Regional Ap,725780,42.92,-112.57,
527,ID,G1600130,Hailey Friedman Mem,725865,43.5,-114.3,83333
528,ID,G1600150,Boise Air Terminal  Uo,726810,43.62,-116.21,83702
529,MT,G1600170,Kalispell Glacier Pk IntL Ar,727790,48.32,-114.25,
530,ID,G1600190,Idaho Falls Fanning Field,725785,43.52,-112.07,83402
531,MT,G1600210,Kalispell Glacier Pk IntL Ar,727790,48.32,-114.25,
532,ID,G1600230,Hailey Friedman Mem,725865,43.5,-114.3,83333
533,ID,G1600250,Hailey Friedman Mem,725865,43.5,-114.3,83333
534,ID,G1600270,Caldwell  Awos,726813,43.63,-116.63,83651
535,ID,G1600290,Soda Springs Tigert,725868,42.65,-111.58,83276
536,ID,G1600310,Burley Municipal Arpt,725867,42.53,-113.77,83318
537,ID,G1600330,Idaho Falls Fanning Field,725785,43.52,-112.07,83402
538,ID,G1600350,Lewiston Nez Perce Cnty Ap,727830,46.37,-117.02,83501
539,ID,G1600370,Hailey Friedman Mem,725865,43.5,-114.3,83333
540,ID,G1600390,Mountain Home Afb,726815,43.05,-115.87,83648
541,ID,G1600410,Malad City,725786,42.15,-112.28,
542,ID,G1600430,Idaho Falls Fanning Field,725785,43.52,-112.07,83402
543,ID,G1600450,Caldwell  Awos,726813,43.63,-116.63,83651
544,ID,G1600470,Joslin Fld Magic Va  Twin Fall,725866,42.55,-114.35,83341
545,ID,G1600490,Lewiston Nez Perce Cnty Ap,727830,46.37,-117.02,83501
546,ID,G1600510,Idaho Falls Fanning Field,725785,43.52,-112.07,83402
547,ID,G1600530,Joslin Fld Magic Va  Twin Fall,725866,42.55,-114.35,83341
548,ID,G1600550,Coeur D Alene Awos,727834,47.77,-116.82,83835
549,WA,G1600570,Pullman Moscow Rgnl,727857,46.75,-117.12,99164
550,ID,G1600590,Salmon Lemhi  Awos,726865,45.12,-113.88,83467
551,ID,G1600610,Lewiston Nez Perce Cnty Ap,727830,46.37,-117.02,83501
552,ID,G1600630,Joslin Fld Magic Va  Twin Fall,725866,42.55,-114.35,83341
553,ID,G1600650,Idaho Falls Fanning Field,725785,43.52,-112.07,83402
554,ID,G1600670,Burley Municipal Arpt,725867,42.53,-113.77,83318
555,ID,G1600690,Lewiston Nez Perce Cnty Ap,727830,46.37,-117.02,83501
556,ID,G1600710,Malad City,725786,42.15,-112.28,
557,ID,G1600730,Caldwell  Awos,726813,43.63,-116.63,83651
558,ID,G1600750,Caldwell  Awos,726813,43.63,-116.63,83651
559,ID,G1600770,Pocatello Regional Ap,725780,42.92,-112.57,
560,MT,G1600790,Kalispell Glacier Pk IntL Ar,727790,48.32,-114.25,
561,ID,G1600810,Idaho Falls Fanning Field,725785,43.52,-112.07,83402
562,ID,G1600830,Joslin Fld Magic Va  Twin Fall,725866,42.55,-114.35,83341
563,ID,G1600850,Hailey Friedman Mem,725865,43.5,-114.3,83333
564,ID,G1600870,Caldwell  Awos,726813,43.63,-116.63,83651
565,IL,G1700010,Quincy Rgnl AP-Baldwin Field,724430,39.933,-91.2,62305
566,MO,G1700030,Cape Girardeau Rgnl AP,723290,37.233,-89.567,63780
567,IL,G1700050,Belleville Scott Afb,724338,38.55,-89.85,62225
568,IL,G1700070,Rockford Greater Rockford Ap,725430,42.2,-89.1,61104
569,IL,G1700090,Quincy Rgnl AP-Baldwin Field,724430,39.933,-91.2,62305
570,IL,G1700110,Sterling Rockfalls,725326,41.75,-89.67,61071
571,MO,G1700130,St Louis Lambert IntL Arpt,724340,38.75,-90.37,63145
572,IL,G1700150,Sterling Rockfalls,725326,41.75,-89.67,61071
573,IL,G1700170,Springfield Capital Ap,724390,39.85,-89.68,62702
574,IL,G1700190,Univ Of Illinois Wi  Bondville,725315,40.06,-88.37,61822
575,IL,G1700210,Belleville Scott Afb,724338,38.55,-89.85,62225
576,IN,G1700230,Monroe Co,724375,39.13,-86.62,47403
577,IL,G1700250,Mount Vernon  Awos,724335,38.32,-88.87,62864
578,IL,G1700270,Belleville Scott Afb,724338,38.55,-89.85,62225
579,IL,G1700290,Univ Of Illinois Wi  Bondville,725315,40.06,-88.37,61822
580,IL,G1700310,Chicago Midway Ap,725340,41.78,-87.75,60638
581,IN,G1700330,Evansville Regional Ap,724320,38.05,-87.53,47711
582,IL,G1700350,Univ Of Illinois Wi  Bondville,725315,40.06,-88.37,61822
583,IL,G1700370,Aurora Municipal,744655,41.77,-88.47,60554
584,IL,G1700390,Central Illinois Rg,724397,40.47,-88.92,61704
585,IL,G1700410,Univ Of Illinois Wi  Bondville,725315,40.06,-88.37,61822
586,IL,G1700430,W  Chicago Du Page,725305,41.92,-88.25,60174
587,IN,G1700450,Terre Haute Hulman Regional A,724373,39.45,-87.3,47871
588,IN,G1700470,Evansville Regional Ap,724320,38.05,-87.53,47711
589,IL,G1700490,Mount Vernon  Awos,724335,38.32,-88.87,62864
590,IL,G1700510,Mount Vernon  Awos,724335,38.32,-88.87,62864
591,IL,G1700530,Univ Of Illinois Wi  Bondville,725315,40.06,-88.37,61822
592,IL,G1700550,Marion Regional,724339,37.75,-89.02,62948
593,IL,G1700570,Peoria Greater Peoria Ap,725320,40.67,-89.68,61607
594,KY,G1700590,Henderson City,724238,37.82,-87.68,42420
595,IL,G1700610,Springfield Capital Ap,724390,39.85,-89.68,62702
596,IL,G1700630,Aurora Municipal,744655,41.77,-88.47,60554
597,IL,G1700650,Mount Vernon  Awos,724335,38.32,-88.87,62864
598,IA,G1700670,Keokuk Muni,725456,40.47,-91.43,52632
599,KY,G1700690,Paducah Barkley Regional Ap,724350,37.05,-88.77,42086
600,IA,G1700710,Burlington-Southeast Iowa Rgnl AP,725420,40.783,-91.117,52601
601,IL,G1700730,Moline Quad City Intl Ap,725440,41.47,-90.52,61265
602,IL,G1700750,Univ Of Illinois Wi  Bondville,725315,40.06,-88.37,61822
603,IL,G1700770,Southern Illinois,724336,37.77,-89.25,62966
604,IL,G1700790,Mount Vernon  Awos,724335,38.32,-88.87,62864
605,IL,G1700810,Mount Vernon  Awos,724335,38.32,-88.87,62864
606,MO,G1700830,St Louis Lambert IntL Arpt,724340,38.75,-90.37,63145
607,WI,G1700850,Lone Rock Faa Ap,726416,43.2,-90.18,53588
608,IL,G1700870,Marion Regional,724339,37.75,-89.02,62948
609,IL,G1700890,W  Chicago Du Page,725305,41.92,-88.25,60174
610,IL,G1700910,Chicago Midway Ap,725340,41.78,-87.75,60638
611,IL,G1700930,Aurora Municipal,744655,41.77,-88.47,60554
612,IL,G1700950,Moline Quad City Intl Ap,725440,41.47,-90.52,61265
613,IL,G1700970,Chicago Waukegan,725347,42.42,-87.87,60087
614,IL,G1700990,Aurora Municipal,744655,41.77,-88.47,60554
615,IN,G1701010,Evansville Regional Ap,724320,38.05,-87.53,47711
616,IL,G1701030,Sterling Rockfalls,725326,41.75,-89.67,61071
617,IL,G1701050,Central Illinois Rg,724397,40.47,-88.92,61704
618,IL,G1701070,Springfield Capital Ap,724390,39.85,-89.68,62702
619,IA,G1701090,Burlington-Southeast Iowa Rgnl AP,725420,40.783,-91.117,52601
620,IL,G1701110,W  Chicago Du Page,725305,41.92,-88.25,60174
621,IL,G1701130,Central Illinois Rg,724397,40.47,-88.92,61704
622,IL,G1701150,Decatur,725316,39.83,-88.87,
623,IL,G1701170,Belleville Scott Afb,724338,38.55,-89.85,62225
624,IL,G1701190,Cahokia St  Louis,725314,38.57,-90.15,62206
625,IL,G1701210,Mount Vernon  Awos,724335,38.32,-88.87,62864
626,IL,G1701230,Peoria Greater Peoria Ap,725320,40.67,-89.68,61607
627,IL,G1701250,Peoria Greater Peoria Ap,725320,40.67,-89.68,61607
628,KY,G1701270,Paducah Barkley Regional Ap,724350,37.05,-88.77,42086
629,IL,G1701290,Springfield Capital Ap,724390,39.85,-89.68,62702
630,IL,G1701310,Moline Quad City Intl Ap,725440,41.47,-90.52,61265
631,IL,G1701330,Cahokia St  Louis,725314,38.57,-90.15,62206
632,IL,G1701350,Belleville Scott Afb,724338,38.55,-89.85,62225
633,IL,G1701370,Springfield Capital Ap,724390,39.85,-89.68,62702
634,IL,G1701390,Decatur,725316,39.83,-88.87,
635,IL,G1701410,Rockford Greater Rockford Ap,725430,42.2,-89.1,61104
636,IL,G1701430,Peoria Greater Peoria Ap,725320,40.67,-89.68,61607
637,IL,G1701450,Southern Illinois,724336,37.77,-89.25,62966
638,IL,G1701470,Univ Of Illinois Wi  Bondville,725315,40.06,-88.37,61822
639,IL,G1701490,Quincy Muni Baldwin Fld,724396,39.93,-91.2,62338
640,KY,G1701510,Paducah Barkley Regional Ap,724350,37.05,-88.77,42086
641,KY,G1701530,Paducah Barkley Regional Ap,724350,37.05,-88.77,42086
642,IL,G1701550,Sterling Rockfalls,725326,41.75,-89.67,61071
643,IL,G1701570,Belleville Scott Afb,724338,38.55,-89.85,62225
644,IN,G1701590,Evansville Regional Ap,724320,38.05,-87.53,47711
645,IL,G1701610,Moline Quad City Intl Ap,725440,41.47,-90.52,61265
646,IL,G1701630,Cahokia St  Louis,725314,38.57,-90.15,62206
647,IL,G1701650,Marion Regional,724339,37.75,-89.02,62948
648,IL,G1701670,Springfield Capital Ap,724390,39.85,-89.68,62702
649,IL,G1701690,Quincy Rgnl AP-Baldwin Field,724430,39.933,-91.2,62305
650,IL,G1701710,Quincy Muni Baldwin Fld,724396,39.93,-91.2,62338
651,IL,G1701730,Mount Vernon  Awos,724335,38.32,-88.87,62864
652,IL,G1701750,Peoria Greater Peoria Ap,725320,40.67,-89.68,61607
653,IL,G1701770,Rockford Greater Rockford Ap,725430,42.2,-89.1,61104
654,IL,G1701790,Peoria Greater Peoria Ap,725320,40.67,-89.68,61607
655,IL,G1701810,Southern Illinois,724336,37.77,-89.25,62966
656,IL,G1701830,Univ Of Illinois Wi  Bondville,725315,40.06,-88.37,61822
657,IN,G1701850,Evansville Regional Ap,724320,38.05,-87.53,47711
658,IA,G1701870,Burlington-Southeast Iowa Rgnl AP,725420,40.783,-91.117,52601
659,IL,G1701890,Belleville Scott Afb,724338,38.55,-89.85,62225
660,IL,G1701910,Mount Vernon  Awos,724335,38.32,-88.87,62864
661,KY,G1701930,Henderson City,724238,37.82,-87.68,42420
662,IL,G1701950,Sterling Rockfalls,725326,41.75,-89.67,61071
663,IL,G1701970,Chicago Midway Ap,725340,41.78,-87.75,60638
664,IL,G1701990,Marion Regional,724339,37.75,-89.02,62948
665,IL,G1702010,Rockford Greater Rockford Ap,725430,42.2,-89.1,61104
666,IL,G1702030,Peoria Greater Peoria Ap,725320,40.67,-89.68,61607
667,IN,G1800010,Fort Wayne Intl Ap,725330,41.0,-85.2,46809
668,IN,G1800030,Fort Wayne Intl Ap,725330,41.0,-85.2,46809
669,IN,G1800050,Indianapolis Intl Ap,724380,39.72,-86.27,46241
670,IN,G1800070,Lafayette Purdue Univ Ap,724386,40.42,-86.93,47906
671,IN,G1800090,Delaware Co Johnson,725336,40.23,-85.4,47304
672,IN,G1800110,Indianapolis Intl Ap,724380,39.72,-86.27,46241
673,IN,G1800130,Indianapolis Intl Ap,724380,39.72,-86.27,46241
674,IN,G1800150,Lafayette Purdue Univ Ap,724386,40.42,-86.93,47906
675,IN,G1800170,Grissom Arb,725335,40.65,-86.15,46971
676,KY,G1800190,Louisville Bowman Field,724235,38.23,-85.67,40205
677,IN,G1800210,Terre Haute Hulman Regional A,724373,39.45,-87.3,47871
678,IN,G1800230,Lafayette Purdue Univ Ap,724386,40.42,-86.93,47906
679,IN,G1800250,Huntingburg,724365,38.25,-86.95,47542
680,IN,G1800270,Huntingburg,724365,38.25,-86.95,47542
681,KY,G1800290,Cincinnati Northern Ky Ap,724210,39.05,-84.67,41005
682,KY,G1800310,Cincinnati Northern Ky Ap,724210,39.05,-84.67,41005
683,IN,G1800330,Fort Wayne Intl Ap,725330,41.0,-85.2,46809
684,IN,G1800350,Delaware Co Johnson,725336,40.23,-85.4,47304
685,IN,G1800370,Huntingburg,724365,38.25,-86.95,47542
686,IN,G1800390,South Bend Michiana Rgnl Ap,725350,41.7,-86.33,46628
687,IN,G1800410,Delaware Co Johnson,725336,40.23,-85.4,47304
688,KY,G1800430,Louisville Standiford Field,724230,38.18,-85.73,40213
689,IN,G1800450,Lafayette Purdue Univ Ap,724386,40.42,-86.93,47906
690,IN,G1800470,Delaware Co Johnson,725336,40.23,-85.4,47304
691,IN,G1800490,Grissom Arb,725335,40.65,-86.15,46971
692,IN,G1800510,Evansville Regional Ap,724320,38.05,-87.53,47711
693,IN,G1800530,Delaware Co Johnson,725336,40.23,-85.4,47304
694,IN,G1800550,Monroe Co,724375,39.13,-86.62,47403
695,IN,G1800570,Indianapolis Intl Ap,724380,39.72,-86.27,46241
696,IN,G1800590,Indianapolis Intl Ap,724380,39.72,-86.27,46241
697,KY,G1800610,Fort Knox Godman Aaf,724240,37.9,-85.97,40121
698,IN,G1800630,Indianapolis Intl Ap,724380,39.72,-86.27,46241
699,IN,G1800650,Delaware Co Johnson,725336,40.23,-85.4,47304
700,IN,G1800670,Grissom Arb,725335,40.65,-86.15,46971
701,IN,G1800690,Fort Wayne Intl Ap,725330,41.0,-85.2,46809
702,IN,G1800710,Monroe Co,724375,39.13,-86.62,47403
703,IN,G1800730,Lafayette Purdue Univ Ap,724386,40.42,-86.93,47906
704,IN,G1800750,Delaware Co Johnson,725336,40.23,-85.4,47304
705,KY,G1800770,Louisville Bowman Field,724235,38.23,-85.67,40205
706,KY,G1800790,Louisville Bowman Field,724235,38.23,-85.67,40205
707,IN,G1800810,Indianapolis Intl Ap,724380,39.72,-86.27,46241
708,IN,G1800830,Evansville Regional Ap,724320,38.05,-87.53,47711
709,IN,G1800850,South Bend Michiana Rgnl Ap,725350,41.7,-86.33,46628
710,MI,G1800870,Kalamazoo Battle Cr,726357,42.23,-85.55,49002
711,IL,G1800890,Chicago Midway Ap,725340,41.78,-87.75,60638
712,IN,G1800910,South Bend Michiana Rgnl Ap,725350,41.7,-86.33,46628
713,IN,G1800930,Monroe Co,724375,39.13,-86.62,47403
714,IN,G1800950,Delaware Co Johnson,725336,40.23,-85.4,47304
715,IN,G1800970,Indianapolis Intl Ap,724380,39.72,-86.27,46241
716,IN,G1800990,South Bend Michiana Rgnl Ap,725350,41.7,-86.33,46628
717,IN,G1801010,Huntingburg,724365,38.25,-86.95,47542
718,IN,G1801030,Grissom Arb,725335,40.65,-86.15,46971
719,IN,G1801050,Monroe Co,724375,39.13,-86.62,47403
720,IN,G1801070,Lafayette Purdue Univ Ap,724386,40.42,-86.93,47906
721,IN,G1801090,Indianapolis Intl Ap,724380,39.72,-86.27,46241
722,IN,G1801110,Lafayette Purdue Univ Ap,724386,40.42,-86.93,47906
723,IN,G1801130,Fort Wayne Intl Ap,725330,41.0,-85.2,46809
724,KY,G1801150,Cincinnati Northern Ky Ap,724210,39.05,-84.67,41005
725,IN,G1801170,Huntingburg,724365,38.25,-86.95,47542
726,IN,G1801190,Monroe Co,724375,39.13,-86.62,47403
727,IN,G1801210,Terre Haute Hulman Regional A,724373,39.45,-87.3,47871
728,IN,G1801230,Huntingburg,724365,38.25,-86.95,47542
729,IN,G1801250,Huntingburg,724365,38.25,-86.95,47542
730,IL,G1801270,Chicago Midway Ap,725340,41.78,-87.75,60638
731,KY,G1801290,Henderson City,724238,37.82,-87.68,42420
732,IN,G1801310,Grissom Arb,725335,40.65,-86.15,46971
733,IN,G1801330,Terre Haute Hulman Regional A,724373,39.45,-87.3,47871
734,IN,G1801350,Delaware Co Johnson,725336,40.23,-85.4,47304
735,KY,G1801370,Cincinnati Northern Ky Ap,724210,39.05,-84.67,41005
736,IN,G1801390,Delaware Co Johnson,725336,40.23,-85.4,47304
737,IN,G1801410,South Bend Michiana Rgnl Ap,725350,41.7,-86.33,46628
738,KY,G1801430,Louisville Bowman Field,724235,38.23,-85.67,40205
739,IN,G1801450,Indianapolis Intl Ap,724380,39.72,-86.27,46241
740,IN,G1801470,Huntingburg,724365,38.25,-86.95,47542
741,IN,G1801490,South Bend Michiana Rgnl Ap,725350,41.7,-86.33,46628
742,IN,G1801510,Fort Wayne Intl Ap,725330,41.0,-85.2,46809
743,IN,G1801530,Monroe Co,724375,39.13,-86.62,47403
744,KY,G1801550,Cincinnati Northern Ky Ap,724210,39.05,-84.67,41005
745,IN,G1801570,Lafayette Purdue Univ Ap,724386,40.42,-86.93,47906
746,IN,G1801590,Grissom Arb,725335,40.65,-86.15,46971
747,OH,G1801610,Dayton International Airport,724290,39.9,-84.22,45377
748,IN,G1801630,Evansville Regional Ap,724320,38.05,-87.53,47711
749,IN,G1801650,Terre Haute Hulman Regional A,724373,39.45,-87.3,47871
750,IN,G1801670,Terre Haute Hulman Regional A,724373,39.45,-87.3,47871
751,IN,G1801690,Grissom Arb,725335,40.65,-86.15,46971
752,IN,G1801710,Lafayette Purdue Univ Ap,724386,40.42,-86.93,47906
753,IN,G1801730,Evansville Regional Ap,724320,38.05,-87.53,47711
754,KY,G1801750,Louisville Standiford Field,724230,38.18,-85.73,40213
755,IN,G1801770,Delaware Co Johnson,725336,40.23,-85.4,47304
756,IN,G1801790,Fort Wayne Intl Ap,725330,41.0,-85.2,46809
757,IN,G1801810,Lafayette Purdue Univ Ap,724386,40.42,-86.93,47906
758,IN,G1801830,Fort Wayne Intl Ap,725330,41.0,-85.2,46809
759,IA,G1900010,Creston,725474,41.02,-94.37,50801
760,IA,G1900030,Creston,725474,41.02,-94.37,50801
761,IA,G1900050,Decorah,725476,43.28,-91.73,
762,IA,G1900070,Ottumwa Industrial Ap,725465,41.1,-92.45,52548
763,IA,G1900090,Atlantic,725453,41.4,-95.05,50022
764,IA,G1900110,Cedar Rapids Municipal Ap,725450,41.88,-91.72,52404
765,IA,G1900130,Waterloo Municipal Ap,725480,42.55,-92.4,50703
766,IA,G1900150,Boone Muni,725486,42.05,-93.85,50036
767,IA,G1900170,Waterloo Municipal Ap,725480,42.55,-92.4,50703
768,IA,G1900190,Oelwen,725488,42.68,-91.97,50662
769,IA,G1900210,Storm Lake,725496,42.6,-95.23,50588
770,IA,G1900230,Charles City,725463,43.07,-92.62,50616
771,IA,G1900250,Fort Dodge  Awos,725490,42.55,-94.18,
772,IA,G1900270,Carroll,725468,42.05,-94.78,51443
773,IA,G1900290,Atlantic,725453,41.4,-95.05,50022
774,IA,G1900310,Muscatine,725487,41.37,-91.15,52761
775,IA,G1900330,Mason City Municipal Arpt,725485,43.15,-93.33,50428
776,IA,G1900350,Storm Lake,725496,42.6,-95.23,50588
777,IA,G1900370,Charles City,725463,43.07,-92.62,50616
778,IA,G1900390,Chariton,725469,41.03,-93.37,
779,IA,G1900410,Spencer,726500,43.17,-95.15,51301
780,IA,G1900430,Decorah,725476,43.28,-91.73,
781,IA,G1900450,Clinton Muni  Awos,725473,41.83,-90.33,52732
782,IA,G1900470,Denison,725477,41.98,-95.38,51442
783,IA,G1900490,Des Moines Intl Ap,725460,41.53,-93.67,50321
784,IA,G1900510,Ottumwa Industrial Ap,725465,41.1,-92.45,52548
785,IA,G1900530,Chariton,725469,41.03,-93.37,
786,IA,G1900550,Monticello Muni,725475,42.23,-91.17,52310
787,IA,G1900570,Burlington-Southeast Iowa Rgnl AP,725420,40.783,-91.117,52601
788,IA,G1900590,Spencer,726500,43.17,-95.15,51301
789,IA,G1900610,Dubuque Regional Ap,725470,42.4,-90.7,52003
790,IA,G1900630,Estherville Muni,726499,43.4,-94.75,51334
791,IA,G1900650,Oelwen,725488,42.68,-91.97,50662
792,IA,G1900670,Charles City,725463,43.07,-92.62,50616
793,IA,G1900690,Mason City Municipal Arpt,725485,43.15,-93.33,50428
794,IA,G1900710,Shenandoah Muni,725467,40.75,-95.42,
795,IA,G1900730,Carroll,725468,42.05,-94.78,51443
796,IA,G1900750,Newton Muni,725464,41.68,-93.02,50208
797,IA,G1900770,Carroll,725468,42.05,-94.78,51443
798,IA,G1900790,Webster City,725478,42.43,-93.87,50595
799,IA,G1900810,Mason City Municipal Arpt,725485,43.15,-93.33,50428
800,IA,G1900830,Webster City,725478,42.43,-93.87,50595
801,NE,G1900850,Omaha Eppley Airfield,725500,41.32,-95.9,68110
802,IA,G1900870,Washington,725454,41.28,-91.67,52353
803,IA,G1900890,Charles City,725463,43.07,-92.62,50616
804,IA,G1900910,Fort Dodge  Awos,725490,42.55,-94.18,
805,IA,G1900930,Storm Lake,725496,42.6,-95.23,50588
806,IA,G1900950,Cedar Rapids Municipal Ap,725450,41.88,-91.72,52404
807,IA,G1900970,Dubuque Regional Ap,725470,42.4,-90.7,52003
808,IA,G1900990,Newton Muni,725464,41.68,-93.02,50208
809,IA,G1901010,Fair Field,726498,41.05,-91.98,52556
810,IA,G1901030,Cedar Rapids Municipal Ap,725450,41.88,-91.72,52404
811,IA,G1901050,Monticello Muni,725475,42.23,-91.17,52310
812,IA,G1901070,Fair Field,726498,41.05,-91.98,52556
813,IA,G1901090,Algona,725457,43.08,-94.27,50598
814,IA,G1901110,Keokuk Muni,725456,40.47,-91.43,52632
815,IA,G1901130,Cedar Rapids Municipal Ap,725450,41.88,-91.72,52404
816,IA,G1901150,Muscatine,725487,41.37,-91.15,52761
817,IA,G1901170,Chariton,725469,41.03,-93.37,
818,IA,G1901190,Sheldon,725495,43.22,-95.83,
819,IA,G1901210,Des Moines Intl Ap,725460,41.53,-93.67,50321
820,IA,G1901230,Ottumwa Industrial Ap,725465,41.1,-92.45,52548
821,IA,G1901250,Knoxville,725493,41.3,-93.12,50138
822,IA,G1901270,Newton Muni,725464,41.68,-93.02,50208
823,IA,G1901290,Council Bluffs,725497,41.27,-95.77,51503
824,IA,G1901310,Charles City,725463,43.07,-92.62,50616
825,NE,G1901330,Tekamah  Asos,725527,41.77,-96.17,68061
826,IA,G1901350,Ottumwa Industrial Ap,725465,41.1,-92.45,52548
827,IA,G1901370,Red Oak,725494,41.02,-95.27,51566
828,IA,G1901390,Muscatine,725487,41.37,-91.15,52761
829,IA,G1901410,Sheldon,725495,43.22,-95.83,
830,IA,G1901430,Sheldon,725495,43.22,-95.83,
831,IA,G1901450,Clarinda,725479,40.72,-95.03,51632
832,IA,G1901470,Estherville Muni,726499,43.4,-94.75,51334
833,IA,G1901490,Le Mars,725484,42.78,-96.2,51057
834,IA,G1901510,Algona,725457,43.08,-94.27,50598
835,IA,G1901530,Des Moines Intl Ap,725460,41.53,-93.67,50321
836,IA,G1901550,Council Bluffs,725497,41.27,-95.77,51503
837,IA,G1901570,Newton Muni,725464,41.68,-93.02,50208
838,IA,G1901590,Creston,725474,41.02,-94.37,50801
839,IA,G1901610,Storm Lake,725496,42.6,-95.23,50588
840,IL,G1901630,Moline Quad City Intl Ap,725440,41.47,-90.52,61265
841,IA,G1901650,Atlantic,725453,41.4,-95.05,50022
842,IA,G1901670,Orange City,725489,42.98,-96.07,51003
843,IA,G1901690,Boone Muni,725486,42.05,-93.85,50036
844,IA,G1901710,Newton Muni,725464,41.68,-93.02,50208
845,IA,G1901730,Clarinda,725479,40.72,-95.03,51632
846,IA,G1901750,Creston,725474,41.02,-94.37,50801
847,IA,G1901770,Fair Field,726498,41.05,-91.98,52556
848,IA,G1901790,Ottumwa Industrial Ap,725465,41.1,-92.45,52548
849,IA,G1901810,Des Moines Intl Ap,725460,41.53,-93.67,50321
850,IA,G1901830,Washington,725454,41.28,-91.67,52353
851,IA,G1901850,Chariton,725469,41.03,-93.37,
852,IA,G1901870,Fort Dodge  Awos,725490,42.55,-94.18,
853,IA,G1901890,Mason City Municipal Arpt,725485,43.15,-93.33,50428
854,IA,G1901910,Decorah,725476,43.28,-91.73,
855,IA,G1901930,Sioux City Sioux Gateway Ap,725570,42.38,-96.38,51054
856,IA,G1901950,Mason City Municipal Arpt,725485,43.15,-93.33,50428
857,IA,G1901970,Webster City,725478,42.43,-93.87,50595
858,KS,G2000010,Chanute Martin Johnson Ap,724507,37.67,-95.48,66720
859,KS,G2000030,Chanute Martin Johnson Ap,724507,37.67,-95.48,66720
860,MO,G2000050,Kansas City IntL Arpt,724460,39.3,-94.72,64153
861,KS,G2000070,Hutchinson Municipal Ap,724506,38.07,-97.87,
862,KS,G2000090,Great Bend  Awos,724517,38.35,-98.87,
863,MO,G2000110,Joplin Municipal Ap,723495,37.15,-94.5,64870
864,NE,G2000130,Falls City Brenner,725533,40.08,-95.6,68355
865,KS,G2000150,Wichita Col  Jabara,724504,37.75,-97.22,67226
866,KS,G2000170,Emporia Municipal Ap,724556,38.33,-96.18,
867,KS,G2000190,Chanute Martin Johnson Ap,724507,37.67,-95.48,66720
868,MO,G2000210,Joplin Municipal Ap,723495,37.15,-94.5,64870
869,KS,G2000230,Goodland Renner Field,724650,39.37,-101.7,67735
870,KS,G2000250,Dodge City Regional Ap,724510,37.77,-99.97,67801
871,KS,G2000270,Fort Riley Marshall Aaf,724550,39.05,-96.77,66442
872,KS,G2000290,Concordia Blosser Muni Ap,724580,39.55,-97.65,66901
873,KS,G2000310,Emporia Municipal Ap,724556,38.33,-96.18,
874,KS,G2000330,Dodge City Regional Ap,724510,37.77,-99.97,67801
875,KS,G2000350,Mcconnell Afb,724505,37.62,-97.27,67202
876,MO,G2000370,Joplin Municipal Ap,723495,37.15,-94.5,64870
877,NE,G2000390,Mccook Municipal,725625,40.2,-100.58,69001
878,KS,G2000410,Fort Riley Marshall Aaf,724550,39.05,-96.77,66442
879,MO,G2000430,St Joseph Rosecrans Memorial,724490,39.77,-94.9,66024
880,KS,G2000450,Olathe Johnson Co Industrial,724475,38.83,-94.88,66061
881,KS,G2000470,Dodge City Regional Ap,724510,37.77,-99.97,67801
882,KS,G2000490,Chanute Martin Johnson Ap,724507,37.67,-95.48,66720
883,KS,G2000510,Hays Muni  Awos,724518,38.85,-99.27,
884,KS,G2000530,Russell Municipal Ap,724585,38.88,-98.82,67665
885,KS,G2000550,Garden City Municipal Ap,724515,37.93,-100.72,
886,KS,G2000570,Dodge City Regional Ap,724510,37.77,-99.97,67801
887,KS,G2000590,Olathe Johnson Co Industrial,724475,38.83,-94.88,66061
888,KS,G2000610,Fort Riley Marshall Aaf,724550,39.05,-96.77,66442
889,KS,G2000630,Hill City Municipal Ap,724655,39.38,-99.83,67642
890,KS,G2000650,Hill City Municipal Ap,724655,39.38,-99.83,67642
891,KS,G2000670,Liberal Muni,724516,37.03,-100.97,
892,KS,G2000690,Garden City Municipal Ap,724515,37.93,-100.72,
893,KS,G2000710,Goodland Renner Field,724650,39.37,-101.7,67735
894,KS,G2000730,Emporia Municipal Ap,724556,38.33,-96.18,
895,KS,G2000750,Garden City Municipal Ap,724515,37.93,-100.72,
896,KS,G2000770,Wichita Mid Continent Ap,724500,37.65,-97.43,67209
897,KS,G2000790,Newton  Awos,724509,38.05,-97.28,67151
898,KS,G2000810,Garden City Municipal Ap,724515,37.93,-100.72,
899,KS,G2000830,Dodge City Regional Ap,724510,37.77,-99.97,67801
900,KS,G2000850,Topeka Municipal Ap,724560,39.07,-95.63,66616
901,KS,G2000870,Topeka Municipal Ap,724560,39.07,-95.63,66616
902,KS,G2000890,Concordia Blosser Muni Ap,724580,39.55,-97.65,66901
903,KS,G2000910,Olathe Johnson Co,724468,38.85,-94.73,66221
904,KS,G2000930,Garden City Municipal Ap,724515,37.93,-100.72,
905,KS,G2000950,Hutchinson Municipal Ap,724506,38.07,-97.87,
906,KS,G2000970,Dodge City Regional Ap,724510,37.77,-99.97,67801
907,KS,G2000990,Chanute Martin Johnson Ap,724507,37.67,-95.48,66720
908,KS,G2001010,Hill City Municipal Ap,724655,39.38,-99.83,67642
909,MO,G2001030,Kansas City IntL Arpt,724460,39.3,-94.72,64153
910,KS,G2001050,Salina Municipal Ap,724586,38.82,-97.67,
911,KS,G2001070,Olathe Johnson Co Industrial,724475,38.83,-94.88,66061
912,KS,G2001090,Goodland Renner Field,724650,39.37,-101.7,67735
913,KS,G2001110,Emporia Municipal Ap,724556,38.33,-96.18,
914,KS,G2001130,Hutchinson Municipal Ap,724506,38.07,-97.87,
915,KS,G2001150,Newton  Awos,724509,38.05,-97.28,67151
916,NE,G2001170,Beatrice Municipal,725515,40.3,-96.75,
917,KS,G2001190,Liberal Muni,724516,37.03,-100.97,
918,KS,G2001210,Olathe Johnson Co Industrial,724475,38.83,-94.88,66061
919,KS,G2001230,Concordia Blosser Muni Ap,724580,39.55,-97.65,66901
920,KS,G2001250,Chanute Martin Johnson Ap,724507,37.67,-95.48,66720
921,KS,G2001270,Fort Riley Marshall Aaf,724550,39.05,-96.77,66442
922,KS,G2001290,Liberal Muni,724516,37.03,-100.97,
923,NE,G2001310,Falls City Brenner,725533,40.08,-95.6,68355
924,KS,G2001330,Chanute Martin Johnson Ap,724507,37.67,-95.48,66720
925,KS,G2001350,Hays Muni  Awos,724518,38.85,-99.27,
926,KS,G2001370,Hill City Municipal Ap,724655,39.38,-99.83,67642
927,KS,G2001390,Topeka Forbes Field,724565,38.95,-95.67,66624
928,KS,G2001410,Russell Municipal Ap,724585,38.88,-98.82,67665
929,KS,G2001430,Salina Municipal Ap,724586,38.82,-97.67,
930,KS,G2001450,Great Bend  Awos,724517,38.35,-98.87,
931,KS,G2001470,Hill City Municipal Ap,724655,39.38,-99.83,67642
932,KS,G2001490,Manhattan Rgnl,724555,39.13,-96.67,66517
933,KS,G2001510,Great Bend  Awos,724517,38.35,-98.87,
934,NE,G2001530,Mccook Municipal,725625,40.2,-100.58,69001
935,KS,G2001550,Hutchinson Municipal Ap,724506,38.07,-97.87,
936,KS,G2001570,Concordia Blosser Muni Ap,724580,39.55,-97.65,66901
937,KS,G2001590,Hutchinson Municipal Ap,724506,38.07,-97.87,
938,KS,G2001610,Manhattan Rgnl,724555,39.13,-96.67,66517
939,KS,G2001630,Hays Muni  Awos,724518,38.85,-99.27,
940,KS,G2001650,Hays Muni  Awos,724518,38.85,-99.27,
941,KS,G2001670,Russell Municipal Ap,724585,38.88,-98.82,67665
942,KS,G2001690,Salina Municipal Ap,724586,38.82,-97.67,
943,KS,G2001710,Goodland Renner Field,724650,39.37,-101.7,67735
944,KS,G2001730,Wichita Mid Continent Ap,724500,37.65,-97.43,67209
945,KS,G2001750,Liberal Muni,724516,37.03,-100.97,
946,KS,G2001770,Topeka Municipal Ap,724560,39.07,-95.63,66616
947,KS,G2001790,Hill City Municipal Ap,724655,39.38,-99.83,67642
948,KS,G2001810,Goodland Renner Field,724650,39.37,-101.7,67735
949,NE,G2001830,Brewster Field Arpt,725628,40.45,-99.33,68949
950,KS,G2001850,Great Bend  Awos,724517,38.35,-98.87,
951,KS,G2001870,Liberal Muni,724516,37.03,-100.97,
952,KS,G2001890,Liberal Muni,724516,37.03,-100.97,
953,KS,G2001910,Mcconnell Afb,724505,37.62,-97.27,67202
954,KS,G2001930,Goodland Renner Field,724650,39.37,-101.7,67735
955,KS,G2001950,Hill City Municipal Ap,724655,39.38,-99.83,67642
956,KS,G2001970,Topeka Forbes Field,724565,38.95,-95.67,66624
957,KS,G2001990,Goodland Renner Field,724650,39.37,-101.7,67735
958,KS,G2002010,Manhattan Rgnl,724555,39.13,-96.67,66517
959,KS,G2002030,Goodland Renner Field,724650,39.37,-101.7,67735
960,KS,G2002050,Chanute Martin Johnson Ap,724507,37.67,-95.48,66720
961,KS,G2002070,Chanute Martin Johnson Ap,724507,37.67,-95.48,66720
962,MO,G2002090,Kansas City Downtown Ap,724463,39.12,-94.6,64105
963,KY,G2100010,Fort Knox Godman Aaf,724240,37.9,-85.97,40121
964,KY,G2100030,Bowling Green Warren Co Ap,746716,36.98,-86.43,42103
965,KY,G2100050,Lexington Bluegrass Ap,724220,38.03,-84.6,40510
966,KY,G2100070,Paducah Barkley Regional Ap,724350,37.05,-88.77,42086
967,KY,G2100090,Bowling Green Warren Co Ap,746716,36.98,-86.43,42103
968,KY,G2100110,Jackson-Carroll AP,724190,37.583,-83.317,
969,KY,G2100130,London Corbin Ap,724243,37.08,-84.08,40744
970,KY,G2100150,Cincinnati Northern Ky Ap,724210,39.05,-84.67,41005
971,KY,G2100170,Lexington Bluegrass Ap,724220,38.03,-84.6,40510
972,WV,G2100190,Huntington Tri State Arpt,724250,38.38,-82.55,25530
973,KY,G2100210,Somerset Awos,724354,38.0,-84.6,40513
974,OH,G2100230,Cincinnati Municipal Ap Lunki,724297,39.1,-84.42,45226
975,KY,G2100250,Jackson Julian Carroll Ap,724236,37.58,-83.32,
976,KY,G2100270,Fort Knox Godman Aaf,724240,37.9,-85.97,40121
977,KY,G2100290,Louisville Standiford Field,724230,38.18,-85.73,40213
978,KY,G2100310,Bowling Green Warren Co Ap,746716,36.98,-86.43,42103
979,KY,G2100330,Fort Campbell Aaf,746710,36.67,-87.48,42223
980,KY,G2100350,Paducah Barkley Regional Ap,724350,37.05,-88.77,42086
981,OH,G2100370,Cincinnati Municipal Ap Lunki,724297,39.1,-84.42,45226
982,KY,G2100390,Paducah Barkley Regional Ap,724350,37.05,-88.77,42086
983,KY,G2100410,Cincinnati Northern Ky Ap,724210,39.05,-84.67,41005
984,WV,G2100430,Huntington Tri State Arpt,724250,38.38,-82.55,25530
985,KY,G2100450,Somerset Awos,724354,38.0,-84.6,40513
986,KY,G2100470,Fort Campbell Aaf,746710,36.67,-87.48,42223
987,KY,G2100490,Somerset Awos,724354,38.0,-84.6,40513
988,KY,G2100510,London Corbin Ap,724243,37.08,-84.08,40744
989,TN,G2100530,Crossville Meml AP-Whitson Field,723250,35.95,-85.083,38555
990,KY,G2100550,Henderson City,724238,37.82,-87.68,42420
991,TN,G2100570,Crossville Meml AP-Whitson Field,723250,35.95,-85.083,38555
992,IN,G2100590,Huntingburg,724365,38.25,-86.95,47542
993,KY,G2100610,Bowling Green Warren Co Ap,746716,36.98,-86.43,42103
994,KY,G2100630,Jackson-Carroll AP,724190,37.583,-83.317,
995,KY,G2100650,London Corbin Ap,724243,37.08,-84.08,40744
996,KY,G2100670,Lexington Bluegrass Ap,724220,38.03,-84.6,40510
997,KY,G2100690,Jackson-Carroll AP,724190,37.583,-83.317,
998,KY,G2100710,Jackson-Carroll AP,724190,37.583,-83.317,
999,KY,G2100730,Lexington Bluegrass Ap,724220,38.03,-84.6,40510
1000,KY,G2100750,Paducah Barkley Regional Ap,724350,37.05,-88.77,42086
1001,KY,G2100770,Cincinnati Northern Ky Ap,724210,39.05,-84.67,41005
1002,KY,G2100790,Somerset Awos,724354,38.0,-84.6,40513
1003,KY,G2100810,Cincinnati Northern Ky Ap,724210,39.05,-84.67,41005
1004,KY,G2100830,Paducah Barkley Regional Ap,724350,37.05,-88.77,42086
1005,KY,G2100850,Bowling Green Warren Co Ap,746716,36.98,-86.43,42103
1006,KY,G2100870,Fort Knox Godman Aaf,724240,37.9,-85.97,40121
1007,WV,G2100890,Huntington Tri State Arpt,724250,38.38,-82.55,25530
1008,IN,G2100910,Huntingburg,724365,38.25,-86.95,47542
1009,KY,G2100930,Fort Knox Godman Aaf,724240,37.9,-85.97,40121
1010,VA,G2100950,Wise Lonesome Pine,724117,36.98,-82.53,24293
1011,KY,G2100970,Lexington Bluegrass Ap,724220,38.03,-84.6,40510
1012,KY,G2100990,Bowling Green Warren Co Ap,746716,36.98,-86.43,42103
1013,KY,G2101010,Henderson City,724238,37.82,-87.68,42420
1014,KY,G2101030,Louisville Bowman Field,724235,38.23,-85.67,40205
1015,KY,G2101050,Paducah Barkley Regional Ap,724350,37.05,-88.77,42086
1016,KY,G2101070,Henderson City,724238,37.82,-87.68,42420
1017,KY,G2101090,London Corbin Ap,724243,37.08,-84.08,40744
1018,KY,G2101110,Louisville Bowman Field,724235,38.23,-85.67,40205
1019,KY,G2101130,Somerset Awos,724354,38.0,-84.6,40513
1020,KY,G2101150,Jackson-Carroll AP,724190,37.583,-83.317,
1021,KY,G2101170,Cincinnati Northern Ky Ap,724210,39.05,-84.67,41005
1022,KY,G2101190,Jackson-Carroll AP,724190,37.583,-83.317,
1023,KY,G2101210,London Corbin Ap,724243,37.08,-84.08,40744
1024,KY,G2101230,Fort Knox Godman Aaf,724240,37.9,-85.97,40121
1025,KY,G2101250,London Corbin Ap,724243,37.08,-84.08,40744
1026,WV,G2101270,Huntington Tri State Arpt,724250,38.38,-82.55,25530
1027,KY,G2101290,Jackson Julian Carroll Ap,724236,37.58,-83.32,
1028,KY,G2101310,Jackson Julian Carroll Ap,724236,37.58,-83.32,
1029,VA,G2101330,Wise Lonesome Pine,724117,36.98,-82.53,24293
1030,WV,G2101350,Huntington Tri State Arpt,724250,38.38,-82.55,25530
1031,KY,G2101370,Somerset Awos,724354,38.0,-84.6,40513
1032,KY,G2101390,Paducah Barkley Regional Ap,724350,37.05,-88.77,42086
1033,KY,G2101410,Bowling Green Warren Co Ap,746716,36.98,-86.43,42103
1034,KY,G2101430,Paducah Barkley Regional Ap,724350,37.05,-88.77,42086
1035,KY,G2101450,Paducah Barkley Regional Ap,724350,37.05,-88.77,42086
1036,KY,G2101470,London Corbin Ap,724243,37.08,-84.08,40744
1037,KY,G2101490,Henderson City,724238,37.82,-87.68,42420
1038,KY,G2101510,Somerset Awos,724354,38.0,-84.6,40513
1039,KY,G2101530,Jackson-Carroll AP,724190,37.583,-83.317,
1040,KY,G2101550,Louisville Standiford Field,724230,38.18,-85.73,40213
1041,KY,G2101570,Paducah Barkley Regional Ap,724350,37.05,-88.77,42086
1042,WV,G2101590,Huntington Tri State Arpt,724250,38.38,-82.55,25530
1043,OH,G2101610,Cincinnati Municipal Ap Lunki,724297,39.1,-84.42,45226
1044,KY,G2101630,Fort Knox Godman Aaf,724240,37.9,-85.97,40121
1045,KY,G2101650,Jackson-Carroll AP,724190,37.583,-83.317,
1046,KY,G2101670,Somerset Awos,724354,38.0,-84.6,40513
1047,KY,G2101690,Bowling Green Warren Co Ap,746716,36.98,-86.43,42103
1048,KY,G2101710,Bowling Green Warren Co Ap,746716,36.98,-86.43,42103
1049,KY,G2101730,Lexington Bluegrass Ap,724220,38.03,-84.6,40510
1050,KY,G2101750,Jackson-Carroll AP,724190,37.583,-83.317,
1051,KY,G2101770,Fort Campbell Aaf,746710,36.67,-87.48,42223
1052,KY,G2101790,Louisville Standiford Field,724230,38.18,-85.73,40213
1053,KY,G2101810,Lexington Bluegrass Ap,724220,38.03,-84.6,40510
1054,KY,G2101830,Bowling Green Warren Co Ap,746716,36.98,-86.43,42103
1055,KY,G2101850,Louisville Bowman Field,724235,38.23,-85.67,40205
1056,KY,G2101870,Cincinnati Northern Ky Ap,724210,39.05,-84.67,41005
1057,KY,G2101890,Jackson Julian Carroll Ap,724236,37.58,-83.32,
1058,OH,G2101910,Cincinnati Municipal Ap Lunki,724297,39.1,-84.42,45226
1059,KY,G2101930,Jackson Julian Carroll Ap,724236,37.58,-83.32,
1060,VA,G2101950,Wise Lonesome Pine,724117,36.98,-82.53,24293
1061,KY,G2101970,Jackson Julian Carroll Ap,724236,37.58,-83.32,
1062,KY,G2101990,London Corbin Ap,724243,37.08,-84.08,40744
1063,OH,G2102010,Cincinnati Municipal Ap Lunki,724297,39.1,-84.42,45226
1064,KY,G2102030,London Corbin Ap,724243,37.08,-84.08,40744
1065,KY,G2102050,Jackson-Carroll AP,724190,37.583,-83.317,
1066,KY,G2102070,London Corbin Ap,724243,37.08,-84.08,40744
1067,KY,G2102090,Lexington Bluegrass Ap,724220,38.03,-84.6,40510
1068,KY,G2102110,Louisville Bowman Field,724235,38.23,-85.67,40205
1069,KY,G2102130,Bowling Green Warren Co Ap,746716,36.98,-86.43,42103
1070,KY,G2102150,Louisville Bowman Field,724235,38.23,-85.67,40205
1071,KY,G2102170,Fort Knox Godman Aaf,724240,37.9,-85.97,40121
1072,KY,G2102190,Fort Campbell Aaf,746710,36.67,-87.48,42223
1073,KY,G2102210,Fort Campbell Aaf,746710,36.67,-87.48,42223
1074,KY,G2102230,Louisville Bowman Field,724235,38.23,-85.67,40205
1075,KY,G2102250,Henderson City,724238,37.82,-87.68,42420
1076,KY,G2102270,Bowling Green Warren Co Ap,746716,36.98,-86.43,42103
1077,KY,G2102290,Somerset Awos,724354,38.0,-84.6,40513
1078,KY,G2102310,London Corbin Ap,724243,37.08,-84.08,40744
1079,KY,G2102330,Henderson City,724238,37.82,-87.68,42420
1080,KY,G2102350,London Corbin Ap,724243,37.08,-84.08,40744
1081,KY,G2102370,Jackson Julian Carroll Ap,724236,37.58,-83.32,
1082,KY,G2102390,Lexington Bluegrass Ap,724220,38.03,-84.6,40510
1083,LA,G2200010,Lafayette Regional Ap,722405,30.2,-91.98,
1084,LA,G2200030,Lake Charles Wb Airp,722404,30.22,-93.17,70602
1085,LA,G2200050,Baton Rouge Ryan Arpt,722317,30.53,-91.15,70811
1086,LA,G2200070,Patterson Memorial,722329,29.72,-91.33,70392
1087,LA,G2200090,Alexandria Esler Regional Ap,722487,31.4,-92.3,71360
1088,LA,G2200110,Lake Charles Wb Airp,722404,30.22,-93.17,70602
1089,LA,G2200130,Barksdale Afb,722485,32.5,-93.67,71112
1090,LA,G2200150,Barksdale Afb,722485,32.5,-93.67,71112
1091,LA,G2200170,Shreveport Regional Arpt,722480,32.45,-93.82,71109
1092,LA,G2200190,Lake Charles Wb Airp,722404,30.22,-93.17,70602
1093,LA,G2200210,Monroe Regional Ap,722486,32.52,-92.03,71211
1094,LA,G2200230,Lake Charles Regional Arpt,722400,30.12,-93.23,70605
1095,MS,G2200250,Natchez Hardy Awos,722357,31.62,-91.3,39190
1096,AR,G2200270,El Dorado Goodwin Field,723419,33.22,-92.82,
1097,MS,G2200290,Natchez Hardy Awos,722357,31.62,-91.3,39190
1098,LA,G2200310,Shreveport Regional Arpt,722480,32.45,-93.82,71109
1099,LA,G2200330,Baton Rouge Ryan Arpt,722317,30.53,-91.15,70811
1100,MS,G2200350,Greenville Municipal,722356,33.48,-90.98,38782
1101,LA,G2200370,Baton Rouge Metro AP,722320,30.533,-91.15,70811
1102,LA,G2200390,Lafayette Regional Ap,722405,30.2,-91.98,
1103,LA,G2200410,Monroe Regional Ap,722486,32.52,-92.03,71211
1104,LA,G2200430,England Afb,747540,31.32,-92.55,
1105,LA,G2200450,New Iberia Naas,722314,30.03,-91.88,
1106,LA,G2200470,Baton Rouge Ryan Arpt,722317,30.53,-91.15,70811
1107,LA,G2200490,Monroe Regional Ap,722486,32.52,-92.03,71211
1108,LA,G2200510,New Orleans Intl Arpt,722310,30.0,-90.25,70062
1109,LA,G2200530,Lake Charles Wb Airp,722404,30.22,-93.17,70602
1110,LA,G2200550,Lafayette Regional Ap,722405,30.2,-91.98,
1111,LA,G2200570,Houma Terrebonne,722406,29.57,-90.67,70363
1112,LA,G2200590,Alexandria Esler Regional Ap,722487,31.4,-92.3,71360
1113,LA,G2200610,Monroe Regional Ap,722486,32.52,-92.03,71211
1114,LA,G2200630,Baton Rouge Ryan Arpt,722317,30.53,-91.15,70811
1115,MS,G2200650,Natchez Hardy Awos,722357,31.62,-91.3,39190
1116,LA,G2200670,Monroe Regional Ap,722486,32.52,-92.03,71211
1117,LA,G2200690,Fort Polk Aaf,722390,31.05,-93.18,71459
1118,LA,G2200710,New Orleans Lakefront Ap,722315,30.05,-90.03,
1119,LA,G2200730,Monroe Regional Ap,722486,32.52,-92.03,71211
1120,LA,G2200750,New Orleans Alvin Callender F,722316,29.82,-90.02,70037
1121,LA,G2200770,Baton Rouge Metro AP,722320,30.533,-91.15,70811
1122,LA,G2200790,England Afb,747540,31.32,-92.55,
1123,LA,G2200810,Barksdale Afb,722485,32.5,-93.67,71112
1124,LA,G2200830,Monroe Regional Ap,722486,32.52,-92.03,71211
1125,LA,G2200850,Fort Polk Aaf,722390,31.05,-93.18,71459
1126,LA,G2200870,New Orleans Alvin Callender F,722316,29.82,-90.02,70037
1127,LA,G2200890,New Orleans Intl Arpt,722310,30.0,-90.25,70062
